id,fecha_venta,modelo,cantidad,precio_unitario,tarjeta_de_credito
1, 4/20/2022 , XJ, 1 , 10541.080078 ,    374622057860362
2, 8/29/2022 , F250, 2 , 13771.490234 ,    374622057860362
3, 11/1/2022 , Forenza, 3 , 8299.950195 ,    374622057860362
4, 1/17/2022 , Electra, 4 , 19602.150391 ,    374622057860362
5, 12/15/2021 , Express 1500, 5 , 2031.510010 ,    374622057860362
6, 8/30/2022 , X3, 6 , 18872.890625 ,    374622057860362
7, 6/3/2022 , Mountaineer, 7 , 14673.049805 ,    374622057860362
8, 1/21/2022 , A4, 8 , 8296.160156 ,    374622057860362
9, 3/14/2022 , Previa, 9 , 6789.609863 ,    374622057860362
10, 6/29/2022 , Loyale, 10 , 2608.629883 ,    374622057860362
11, 11/20/2021 , Grand Prix, 11 , 11035.660156 ,    374622057860362
12, 11/25/2021 , E-Class, 12 , 4072.770020 ,    374622057860362
13, 12/7/2021 , Oasis, 3 , 6337.680176 ,    374622057860362
14, 10/2/2022 , Volt, 14 , 17495.820312 ,    374622057860362
15, 1/18/2022 , S-Series, 15 , 11117.339844 ,    374622057860362
16, 11/30/2021 , Escalade, 16 , 9772.559570 ,    374622057860362
17, 12/8/2021 , Armada, 1 , 3924.270020 ,    374288903261377
18, 1/31/2022 , Alpina B7, 18 , 7401.359863 ,    374622057860362
19, 6/8/2022 , BRZ, 9 , 10749.250000 ,    374622057860362
20, 9/10/2022 , Tahoe, 20 , 19972.769531 ,    374622057860362
21, 1/20/2022 , Legacy, 21 , 5949.049805 ,    374622057860362
22, 12/16/2021 , Firebird, 22 , 3190.949951 ,    374622057860362
23, 6/12/2022 , Regal, 23 , 6522.580078 ,    374622057860362
24, 10/30/2022 , Liberty, 24 , 12482.320312 ,    374622057860362
25, 10/26/2022 , Galant, 2 , 13449.559570 ,    374622057860362
26, 2/23/2022 , H2, 6 , 16699.179688 ,    374622057860362
27, 6/28/2022 , Challenger, 7 , 4551.509766 ,    374622057860362
28, 8/27/2022 , VUE, 2 , 11878.580078 ,    374622057860362
29, 6/26/2022 , Corvette, 10 , 14121.120117 ,    374622057860362
30, 9/5/2022 , 2500 Club Coupe, 3 , 14150.509766 ,    374622057860362
31, 11/16/2022 , Grand Vitara, 8 , 9323.519531 ,    374622057860362
32, 11/15/2022 , Range Rover, 2 , 12500.469727 ,    374622057860362
33, 9/9/2022 , Breeze, 12 , 11117.349609 ,    374622057860362
34, 5/21/2022 , F150, 4 , 14928.099609 ,    374622057860362
35, 6/15/2022 , CR-V, 4 , 12214.309570 ,    374622057860362
36, 1/16/2022 , Element, 26 , 12576.969727 ,    374622057860362
37, 7/6/2022 , RL, 7 , 14820.219727 ,    374622057860362
38, 4/28/2022 , Century, 38 , 15965.179688 ,    374622057860362
39, 12/1/2021 , Passat, 39 , 19406.599609 ,    374622057860362
40, 4/1/2022 , Avalon, 40 , 18788.150391 ,    374622057860362
41, 11/6/2022 , Prelude, 41 , 7118.029785 ,    374622057860362
42, 4/21/2022 , Grand Marquis, 9 , 16486.490234 ,    374622057860362
43, 11/5/2022 , Tucson, 3 , 17531.720703 ,    374622057860362
44, 2/5/2022 , Forte, 14 , 12452.330078 ,    5048370724247739
45, 9/9/2022 , Breeze, 10 , 12055.750000 ,    374622057860362
46, 1/31/2022 , Reatta, 3 , 7049.350098 ,    374622057860362
47, 7/15/2022 , Camry, 37 , 13388.990234 ,    374622057860362
48, 11/6/2022 , X6, 8 , 5188.879883 ,    374622057860362
49, 6/24/2022 , Regal, 9 , 14359.830078 ,    374622057860362
51, 9/29/2022 , Armada, 1 , 19502.130859 ,    5010120888419481
52, 1/13/2022 , Viper, 2 , 2660.070068 ,    374622057860362
53, 6/18/2022 , Viper, 3 , 18215.910156 ,    374622057860362
54, 2/19/2022 , Envoy, 4 , 15616.240234 ,    374622057860362
55, 12/18/2021 , Silverado 2500, 5 , 12763.679688 ,    374622057860362
56, 12/13/2021 , Ram 2500, 6 , 17533.060547 ,    374622057860362
57, 4/20/2022 , Mulsanne, 7 , 8095.680176 ,    374622057860362
58, 7/30/2022 , Ram Wagon B250, 8 , 6105.430176 ,    374622057860362
59, 5/20/2022 , Land Cruiser, 9 , 2594.659912 ,    374622057860362
60, 9/1/2022 , Stratus, 2 , 6841.149902 ,    374622057860362
61, 11/23/2021 , Sprinter, 1 , 7694.500000 ,    374622057860362
62, 6/29/2022 , Riviera, 4 , 13691.570312 ,    5100136902762376
63, 10/30/2022 , Explorer, 7 , 13187.629883 ,    374622057860362
64, 3/18/2022 , Cutlass Supreme, 2 , 19734.099609 ,    374622057860362
65, 12/20/2021 , Quattro, 9 , 7209.540039 ,    374622057860362
66, 9/19/2022 , Gran Sport, 5 , 19163.369141 ,    374622057860362
67, 7/1/2022 , 6 Series, 7 , 13034.320312 ,    374622057860362
68, 12/21/2021 , Silverado, 2 , 6241.029785 ,    374622057860362
69, 5/31/2022 , Savana 3500, 1 , 4347.870117 ,    374622057860362
70, 8/4/2022 , Escalade ESV, 9 , 11334.599609 ,    374622057860362
71, 3/15/2022 , Prizm, 7 , 5347.259766 ,    374622057860362
72, 10/25/2022 , Corolla, 72 , 10599.410156 ,    374622057860362
73, 10/20/2022 , Leaf, 8 , 3780.729980 ,    374622057860362
74, 6/11/2022 , Colt, 4 , 4864.680176 ,    374622057860362
75, 12/21/2021 , Swift, 5 , 13897.629883 ,    374622057860362
76, 12/8/2021 , Elantra, 6 , 19060.810547 ,    374622057860362
77, 10/27/2022 , 300D, 7 , 5267.040039 ,    374622057860362
78, 10/2/2022 , 2500 Club Coupe, 3 , 10615.750000 ,    374622057860362
79, 6/29/2022 , Ram 3500, 4 , 4795.939941 ,    374622057860362
80, 9/29/2022 , GTO, 6 , 10058.240234 ,    374622057860362
81, 10/18/2022 , FF, 9 , 12799.730469 ,    374622057860362
82, 6/21/2022 , V12 Vantage, 2 , 2131.070068 ,    374622057860362
83, 9/10/2022 , Taurus, 1 , 19719.650391 ,    5108753853953499
84, 10/7/2022 , Safari, 1 , 2990.909912 ,    374622057860362
85, 8/5/2022 , Evora, 2 , 13119.429688 ,    374622057860362
86, 1/25/2022 , Starion, 8 , 4964.459961 ,    374622057860362
87, 12/29/2021 , Yukon XL 2500, 1 , 14458.299805 ,    374622057860362
88, 3/10/2022 , CLK-Class, 1 , 16405.419922 ,    374622057860362
89, 10/5/2022 , 88, 31 , 16336.900391 ,    374622057860362
90, 3/8/2022 , Passat, 8 , 10730.769531 ,    374622057860362
91, 11/9/2022 , XJ Series, 1 , 15153.830078 ,    374622057860362
92, 6/9/2022 , VS Commodore, 2 , 18506.890625 ,    374622057860362
93, 4/27/2022 , Element, 7 , 18710.560547 ,    374622057860362
94, 1/7/2022 , SL-Class, 4 , 3963.689941 ,    374622057860362
95, 2/2/2000 , Chevrolet ONIX, 2 , 2000.000000 , 1111111111111111
